"","qseqid","mobileOG ID","Gene","Accession Number","Category","Initiation","Copy","pident","length","mismatch","gapopen","qstart","qend","sstart","send","evalue","bitscore","Genome"
"1","CAPD01000006.1_13","mobileOG_000015138","dnaG","A0A0P0QJ09","replication/recombination/repair","NA","GPD|Manual",82.2,580,103,0,1,580,1,580,0,976,"GCA_000367665.2_ASM36766v2"
"2","CAPD01000006.1_34","mobileOG_000026108","parE","P0A2I6","replication/recombination/repair","partitioning","Plasmid",90.6,631,58,1,1,631,1,630,0,1152,"GCA_000367665.2_ASM36766v2"
"3","CAPD01000006.1_51","mobileOG_000026109","parC","P0AFI2","replication/recombination/repair","partitioning","Plasmid",83.2,748,125,1,7,754,3,749,0,1222,"GCA_000367665.2_ASM36766v2"
"4","CAPE01000026.1_122","mobileOG_000026154","uvrA","P0A699","replication/recombination/repair","NA","Plasmid",91.3,940,82,0,1,940,1,940,0,1732,"GCA_000367685.2_ASM36768v2"
"5","JMSO01000234.1_12","mobileOG_000024044","traC","A0A2C5TST3","transfer","conjugation","Plasmid",92.2,665,52,0,1,665,212,876,0,1232,"GCA_001078075.1_ASM107807v1"
"6","JMSO01000234.1_24","mobileOG_000002858","traD","WP_000009350.1","transfer","conjugation","COMPASS|Manual",80.4,606,119,0,1,606,1,606,0,1007,"GCA_001078075.1_ASM107807v1"
"7","JMSO01000251.1_15","mobileOG_000024470","parB","A0A286NCI9","replication/recombination/repair","transfer","Plasmid",90.9,669,61,0,22,690,1,669,0,1185,"GCA_001078075.1_ASM107807v1"
"8","JMSO01000140.1_6","mobileOG_000015102","uvrC","A0A288TJT7","replication/recombination/repair","NA","GPD|Manual",87.5,610,76,0,1,610,1,610,0,1077,"GCA_001078075.1_ASM107807v1"
"9","LAGP01000061.1_29","mobileOG_000024044","traC","A0A2C5TST3","transfer","conjugation","Plasmid",92.2,665,52,0,1,665,212,876,0,1232,"GCA_001602545.1_ASM160254v1"
"10","LAGP01000061.1_41","mobileOG_000002858","traD","WP_000009350.1","transfer","conjugation","COMPASS|Manual",80.4,606,119,0,1,606,1,606,0,1007,"GCA_001602545.1_ASM160254v1"
"11","LAGP01000050.1_102","mobileOG_000026154","uvrA","P0A699","replication/recombination/repair","NA","Plasmid",91.2,940,83,0,1,940,1,940,0,1732,"GCA_001602545.1_ASM160254v1"
"12","LAGP01000037.1_9","mobileOG_000015102","uvrC","A0A288TJT7","replication/recombination/repair","NA","GPD|Manual",87.5,610,76,0,1,610,1,610,0,1077,"GCA_001602545.1_ASM160254v1"
"13","LAGQ01000078.1_11","mobileOG_000026160","groL","A0A0W8A593","phage","replication,chaperone","Plasmid",93.3,536,36,0,1,536,1,536,0,936,"GCA_001602555.1_ASM160255v1"
"14","LAGQ01000104.1_2","mobileOG_000024470","parB","A0A286NCI9","replication/recombination/repair","transfer","Plasmid",90.9,669,61,0,22,690,1,669,0,1185,"GCA_001602555.1_ASM160255v1"
"15","LAGQ01000105.1_21","mobileOG_000024044","traC","A0A2C5TST3","transfer","conjugation","Plasmid",92.2,665,52,0,1,665,212,876,0,1232,"GCA_001602555.1_ASM160255v1"
"16","LAGQ01000105.1_33","mobileOG_000002858","traD","WP_000009350.1","transfer","conjugation","COMPASS|Manual",80.4,606,119,0,1,606,1,606,0,1007,"GCA_001602555.1_ASM160255v1"
"17","LAGQ01000079.1_63","mobileOG_000026154","uvrA","P0A699","replication/recombination/repair","NA","Plasmid",91.2,940,83,0,1,940,1,940,0,1732,"GCA_001602555.1_ASM160255v1"
"18","MAZB01000055.1_9","mobileOG_000002694","mobA","A0A0C5AXB0","transfer","conjugation","COMPASS|Manual",91.7,494,41,0,1,494,1,494,0,874,"GCA_001689725.1_ASM168972v1"
"19","DBOK01000111.1_12","mobileOG_000019986","uvrC","W9BI01","replication/recombination/repair","NA","GPD|Manual",86.1,610,85,0,1,610,1,610,0,1054,"GCA_002299595.1_ASM229959v1"
"20","DENB01000085.1_16","mobileOG_000026039","rep","A0A1V8NTC7","replication/recombination/repair","initiation,copy",NA,87,671,87,0,1,671,1,671,0,1166,"GCA_002359495.1_ASM235949v1"
"21","DICA01000009.1_120","mobileOG_000026109","parC","P0AFI2","replication/recombination/repair","partitioning","Plasmid",85.5,751,108,1,7,757,3,752,0,1256,"GCA_002415165.1_ASM241516v1"
"22","DICA01000009.1_141","mobileOG_000026107","parE","P20083","replication/recombination/repair","partitioning","Multiple|Manual",89.4,631,66,1,1,631,1,630,0,1147,"GCA_002415165.1_ASM241516v1"
"23","DICA01000009.1_168","mobileOG_000015138","dnaG","A0A0P0QJ09","replication/recombination/repair","NA","GPD|Manual",83.1,581,98,0,1,581,1,581,0,975,"GCA_002415165.1_ASM241516v1"
"24","MTCH01000135.1_13","mobileOG_000024470","parB","A0A286NCI9","replication/recombination/repair","transfer","Plasmid",90.9,669,61,0,22,690,1,669,0,1185,"GCA_002752575.1_ASM275257v1"
"25","MTCH01000004.1_43","mobileOG_000015102","uvrC","A0A288TJT7","replication/recombination/repair","NA","GPD|Manual",87.5,610,76,0,1,610,1,610,0,1077,"GCA_002752575.1_ASM275257v1"
"26","MTCH01000147.1_2","mobileOG_000003608","brxL","A0A2S1FAQ4","stability/transfer/defense","phage",NA,84.3,681,105,1,11,689,16,696,0,1174,"GCA_002752575.1_ASM275257v1"
"27","MTCH01000073.1_4","mobileOG_000002858","traD","WP_000009350.1","transfer","conjugation","COMPASS|Manual",80.4,606,119,0,1,606,1,606,0,1007,"GCA_002752575.1_ASM275257v1"
"28","MTCH01000073.1_16","mobileOG_000024044","traC","A0A2C5TST3","transfer","conjugation","Plasmid",90.4,876,84,0,1,876,1,876,0,1591,"GCA_002752575.1_ASM275257v1"
"29","DNUQ01000001.1_6","mobileOG_000023833","mutS","WP_001272924.1","replication/recombination/repair","NA","Plasmid",84.2,852,133,1,1,850,1,852,0,1398,"GCA_003507845.1_ASM350784v1"
"30","DNUL01000500.1_1","mobileOG_000026154","uvrA","P0A699","replication/recombination/repair","NA","Plasmid",90.4,801,77,0,1,801,140,940,0,1469,"GCA_003507935.1_ASM350793v1"
"31","DOLK01000147.1_1","mobileOG_000015102","uvrC","A0A288TJT7","replication/recombination/repair","NA","GPD|Manual",87.9,610,74,0,1,610,1,610,0,1083,"GCA_003509515.1_ASM350951v1"
"32","DOLK01000053.1_5","mobileOG_000023833","mutS","WP_001272924.1","replication/recombination/repair","NA","Plasmid",84.2,852,133,1,1,850,1,852,0,1398,"GCA_003509515.1_ASM350951v1"
"33","DOLI01000457.1_5","mobileOG_000023833","mutS","WP_001272924.1","replication/recombination/repair","NA","Plasmid",84.2,852,133,1,1,850,1,852,0,1398,"GCA_003510065.1_ASM351006v1"
"34","JACSWU010000179.1_5","mobileOG_000015102","uvrC","A0A288TJT7","replication/recombination/repair","NA","GPD|Manual",87.4,610,77,0,1,610,1,610,0,1074,"GCA_014353905.1_ASM1435390v1"
"35","JACSWU010000003.1_2","mobileOG_000024470","parB","A0A286NCI9","replication/recombination/repair","transfer","Plasmid",90.7,669,62,0,1,669,1,669,0,1178,"GCA_014353905.1_ASM1435390v1"
"36","JACSWU010000003.1_28","mobileOG_000024044","traC","A0A2C5TST3","transfer","conjugation","Plasmid",90.5,876,83,0,1,876,1,876,0,1594,"GCA_014353905.1_ASM1435390v1"
"37","JACSWU010000003.1_41","mobileOG_000024811","traG","A0A286NCM6","transfer","conjugation","Multiple|Manual",85.3,953,127,2,1,940,1,953,0,1456,"GCA_014353905.1_ASM1435390v1"
"38","JACSWU010000003.1_44","mobileOG_000002858","traD","WP_000009350.1","transfer","conjugation","COMPASS|Manual",80,610,122,0,1,610,1,610,0,1010,"GCA_014353905.1_ASM1435390v1"
"39","JAATFZ010000442.1_8","mobileOG_000026154","uvrA","P0A699","replication/recombination/repair","NA","Plasmid",91.3,940,82,0,1,940,1,940,0,1733,"GCA_015654895.1_ASM1565489v1"
"40","JAEUXA010000005.1_61","mobileOG_000001100","tnpA","Q00037","integration/excision","NA","Multiple|Manual",90.5,1002,95,0,1,1002,1,1002,0,1821,"GCA_016925695.1_ASM1692569v1"
"41","JAEUXA010000005.1_98","mobileOG_000001100","tnpA","Q00037","integration/excision","NA","Multiple|Manual",82.5,1003,175,1,1,1003,1,1002,0,1666,"GCA_016925695.1_ASM1692569v1"
"42","DALYOG010000007.1_18","mobileOG_000026109","parC","P0AFI2","replication/recombination/repair","partitioning","Plasmid",86.1,750,103,1,7,756,3,751,0,1268,"GCA_031974815.1_ASM3197481v1"
"43","DALYOG010000072.1_11","mobileOG_000009366","uvrC","WP_001283421.1","replication/recombination/repair","NA","Multiple|Manual",87.4,610,77,0,1,610,1,610,0,1075,"GCA_031974815.1_ASM3197481v1"
"44","DALYOG010000135.1_1","mobileOG_000023833","mutS","WP_001272924.1","replication/recombination/repair","NA","Plasmid",85.5,634,92,0,1,634,1,634,0,1073,"GCA_031974815.1_ASM3197481v1"
"45","DALYOG010000218.1_9","mobileOG_000024017","traI","A0A1C7A4T6","transfer","conjugation","Multiple|Manual",100,675,0,0,1,675,1,675,0,1281,"GCA_031974815.1_ASM3197481v1"
"46","DALZNU010000047.1_3","mobileOG_000022763","traG","D2TP00","transfer","conjugation","ICE|Manual",90.9,492,45,0,1,492,1,492,0,899,"GCA_032005465.1_ASM3200546v1"
"47","DALZNU010000240.1_6","mobileOG_000002442","topB","A0A0F3WE78","replication/recombination/repair","NA","COMPASS|Manual",82.7,636,109,1,1,636,1,635,0,1077,"GCA_032005465.1_ASM3200546v1"
"48","CP142292.1_2","mobileOG_000003653","mobA","D2TE66","transfer","conjugation","COMPASS|Manual",91.3,504,44,0,1,504,1,504,0,883,"GCA_036866075.1_ASM3686607v1"
"49","CP142292.1_6","mobileOG_000003653","mobA","D2TE66","transfer","conjugation","COMPASS|Manual",91.3,504,44,0,1,504,1,504,0,883,"GCA_036866075.1_ASM3686607v1"
"50","CP142292.1_10","mobileOG_000003653","mobA","D2TE66","transfer","conjugation","COMPASS|Manual",91.3,504,44,0,1,504,1,504,0,883,"GCA_036866075.1_ASM3686607v1"
"51","JAZBKD010000063.1_2","mobileOG_000015102","uvrC","A0A288TJT7","replication/recombination/repair","NA","GPD|Manual",87.9,610,74,0,1,610,1,610,0,1083,"GCA_037031965.1_ASM3703196v1"
"52","JAZBKT010000040.1_20","mobileOG_000026160","groL","A0A0W8A593","phage","replication,chaperone","Plasmid",93.3,536,36,0,1,536,1,536,0,935,"GCA_037032905.1_ASM3703290v1"
"53","JAZBKT010000055.1_2","mobileOG_000015102","uvrC","A0A288TJT7","replication/recombination/repair","NA","GPD|Manual",87.9,610,74,0,1,610,1,610,0,1083,"GCA_037032905.1_ASM3703290v1"
"54","JAZBMC010000062.1_2","mobileOG_000023740","traU","A0A2L1F4P4","transfer","conjugation","Plasmid",84.9,1014,153,0,1,1014,1,1014,0,1759,"GCA_037033565.1_ASM3703356v1"
"55","JAZBMC010000062.1_17","mobileOG_000026261","mobA","A0A2L1F4H9","transfer","conjugation,relaxosome","Multiple|Manual",86,657,92,0,1,657,2,658,0,1123,"GCA_037033565.1_ASM3703356v1"
"56","JAZBMC010000065.1_3","mobileOG_000024256","trbC","A0A1I9WJ26","transfer","conjugation","Multiple|Manual",91.2,695,61,0,1,695,1,695,0,1273,"GCA_037033565.1_ASM3703356v1"
"57","JAZBMC010000112.1_2","mobileOG_000003554","traI","E1PKW7","transfer","conjugation","COMPASS|Manual",89.3,727,78,0,860,1586,183,909,0,1236,"GCA_037033565.1_ASM3703356v1"
"58","JAZBMS010000099.1_7","mobileOG_000001100","tnpA","Q00037","integration/excision","NA","Multiple|Manual",81.9,1001,181,0,1,1001,1,1001,0,1650,"GCA_037033865.1_ASM3703386v1"
"59","CAKZHG010000035.1_1","mobileOG_000002858","traD","WP_000009350.1","transfer","conjugation","COMPASS|Manual",80.2,551,109,0,19,569,56,606,0,926,"GCA_936920615.1_SRR3184099_bin.6_CONCOCT_v1.1_MAG"
"60","CALFHL010000578.1_13","mobileOG_000024044","traC","A0A2C5TST3","transfer","conjugation","Plasmid",99.3,876,6,0,1,876,1,876,0,1725,"GCA_937876675.1_SRR3742170_bin.6_CONCOCT_v1.1_MAG"
"61","CALFHL010000578.1_25","mobileOG_000024642","traG","A0A221ZNA5","transfer","conjugation","Multiple|Manual",90.7,948,88,0,1,948,1,948,0,1571,"GCA_937876675.1_SRR3742170_bin.6_CONCOCT_v1.1_MAG"
"62","CALFHL010000578.1_28","mobileOG_000002858","traD","WP_000009350.1","transfer","conjugation","COMPASS|Manual",82,606,109,0,1,606,1,606,0,1020,"GCA_937876675.1_SRR3742170_bin.6_CONCOCT_v1.1_MAG"
"63","CALUCA010000044.1_1","mobileOG_000026109","parC","P0AFI2","replication/recombination/repair","partitioning","Plasmid",83.8,686,110,1,1,686,68,752,0,1127,"GCA_943914455.1_10Bqi3VEdU_bin.12.MAG"
"64","OZ024667.1_7","mobileOG_000001100","tnpA","Q00037","integration/excision","NA","Multiple|Manual",84.5,786,122,0,1,786,215,1000,0,1323,"GCA_964016415.1_Erwinia_impunctatus"
"65","OZ024667.1_109","mobileOG_000025359","parB","A0A286NCI9","replication/recombination/repair","transfer","Multiple|Manual",88.3,669,78,0,1,669,1,669,0,1147,"GCA_964016415.1_Erwinia_impunctatus"
"66","NC_010699.1_23","mobileOG_000003432","traG","B2VB20","transfer","conjugation","COMPASS|Manual",100,1006,0,0,1,1006,1,1006,0,1797,"GCF_000026185.1_ASM2618v1"
"67","NC_010697.1_9","mobileOG_000003427","traE","B2VB03","transfer","conjugation","COMPASS|Manual",100,790,0,0,1,790,1,790,0,1583,"GCF_000026185.1_ASM2618v1"
"68","NC_017389.1_4","mobileOG_000003653","mobA","D2TE66","transfer","conjugation","COMPASS|Manual",100,504,0,0,1,504,1,504,0,964,"GCF_000026985.1_ASM2698v1"
"69","NC_017392.1_27","mobileOG_000001100","tnpA","Q00037","integration/excision","NA","Multiple|Manual",83.7,998,163,0,1,998,1,998,0,1672,"GCF_000026985.1_ASM2698v1"
"70","NC_013265.1_5","mobileOG_000003653","mobA","D2TE66","transfer","conjugation","COMPASS|Manual",100,504,0,0,1,504,1,504,0,964,"GCF_000027265.1_ASM2726v1"
"71","NC_013263.1_4","mobileOG_000001100","tnpA","Q00037","integration/excision","NA","Multiple|Manual",83.7,998,163,0,1,998,1,998,0,1672,"GCF_000027265.1_ASM2726v1"
"72","NC_017446.1_3","mobileOG_000003656","mobA","E3DL77","transfer","conjugation","COMPASS|Manual",100,506,0,0,1,506,1,506,0,919,"GCF_000165815.1_ASM16581v1"
"73","NZ_CAPB01000006.1_12","mobileOG_000026108","parE","P0A2I6","replication/recombination/repair","partitioning","Plasmid",90.6,631,58,1,1,631,1,630,0,1152,"GCF_000367625.1_ASM36762v2"
"74","NZ_CAPB01000006.1_28","mobileOG_000026109","parC","P0AFI2","replication/recombination/repair","partitioning","Plasmid",83,752,126,2,7,758,3,752,0,1222,"GCF_000367625.1_ASM36762v2"
"75","NZ_BAYW01000018.1_71","mobileOG_000026154","uvrA","P0A699","replication/recombination/repair","NA","Plasmid",91.3,940,82,0,1,940,1,940,0,1732,"GCF_000696075.1_ASM69607v1"
"76","NZ_JNVB01000106.1_2","mobileOG_000001500","ecoRIIM","P05101","stability/transfer/defense","NA","Multiple|Manual",89.7,477,48,1,1,476,1,477,0,868,"GCF_000770305.1_ASM77030v1"
"77","NZ_JNVB01000081.1_17","mobileOG_000024344","tnpA","A0A3S5I458","integration/excision","NA","Plasmid",89.6,512,53,0,1,512,1,512,0,917,"GCF_000770305.1_ASM77030v1"
"78","NZ_JRUQ01000019.1_220","mobileOG_000026103","gyrB","P0AES6","replication/recombination/repair","NA","Multiple|Manual",89.8,804,80,1,1,802,1,804,0,1439,"GCF_000773975.1_ASM77397v1"
"79","NZ_JRUQ01000041.1_32","mobileOG_000026154","uvrA","P0A699","replication/recombination/repair","NA","Plasmid",91.1,940,84,0,1,940,1,940,0,1731,"GCF_000773975.1_ASM77397v1"
"80","NZ_JRUQ01000078.1_12","mobileOG_000025359","parB","A0A286NCI9","replication/recombination/repair","transfer","Multiple|Manual",95.7,669,29,0,1,669,1,669,0,1245,"GCF_000773975.1_ASM77397v1"
"81","NZ_CAHS01000006.1_5","mobileOG_000022546","hsdR","A0A0N9DYW2","stability/transfer/defense","NA","ICE|Manual",89.9,1075,101,2,1,1069,1,1073,0,1930,"GCF_001050515.1_ASM105051v1"
"82","NZ_CAHS01000006.1_41","mobileOG_000015138","dnaG","A0A0P0QJ09","replication/recombination/repair","NA","GPD|Manual",80.5,580,113,0,1,580,1,580,0,948,"GCF_001050515.1_ASM105051v1"
"83","NZ_CAHS01000006.1_62","mobileOG_000026107","parE","P20083","replication/recombination/repair","partitioning","Multiple|Manual",90.3,631,60,1,1,631,1,630,0,1149,"GCF_001050515.1_ASM105051v1"
"84","NZ_CAHS01000006.1_68","mobileOG_000026109","parC","P0AFI2","replication/recombination/repair","partitioning","Plasmid",84.2,749,117,1,7,755,3,750,0,1233,"GCF_001050515.1_ASM105051v1"
"85","NZ_LMLK01000022.1_274","mobileOG_000001100","tnpA","Q00037","integration/excision","NA","Multiple|Manual",82,1001,180,0,1,1001,1,1001,0,1653,"GCF_001422605.1_Leaf53"
"86","NZ_BCTN01000011.1_9","mobileOG_000026107","parE","P20083","replication/recombination/repair","partitioning","Multiple|Manual",91.1,631,55,1,1,631,1,630,0,1154,"GCF_001571305.1_ASM157130v1"
"87","NZ_BCTN01000011.1_20","mobileOG_000026109","parC","P0AFI2","replication/recombination/repair","partitioning","Plasmid",84.6,752,114,2,7,758,3,752,0,1246,"GCF_001571305.1_ASM157130v1"
"88","NZ_BCTN01000038.1_14","mobileOG_000001106","pifA","P96329","phage","stability/transfer/defense","Multiple|Manual",92.4,741,56,0,1,741,1,741,0,1362,"GCF_001571305.1_ASM157130v1"
"89","NZ_MAYS01000183.1_1","mobileOG_000024642","traG","A0A221ZNA5","transfer","conjugation","Multiple|Manual",90.7,948,88,0,1,948,1,948,0,1571,"GCF_001756855.1_ASM175685v1"
"90","NZ_MAYS01000183.1_13","mobileOG_000024044","traC","A0A2C5TST3","transfer","conjugation","Plasmid",99.2,876,7,0,1,876,1,876,0,1725,"GCF_001756855.1_ASM175685v1"
"91","NZ_MAYS01000363.1_16","mobileOG_000002858","traD","WP_000009350.1","transfer","conjugation","COMPASS|Manual",82,606,109,0,1,606,1,606,0,1020,"GCF_001756855.1_ASM175685v1"
"92","NZ_NQJQ01000059.1_21","mobileOG_000026154","uvrA","P0A699","replication/recombination/repair","NA","Plasmid",91.3,940,82,0,1,940,1,940,0,1732,"GCF_002732215.1_ASM273221v1"
"93","NZ_NQJW01000006.1_21","mobileOG_000026154","uvrA","P0A699","replication/recombination/repair","NA","Plasmid",91.3,940,82,0,1,940,1,940,0,1732,"GCF_002732245.1_ASM273224v1"
"94","NZ_NQJR01000026.1_21","mobileOG_000026154","uvrA","P0A699","replication/recombination/repair","NA","Plasmid",91.3,940,82,0,1,940,1,940,0,1732,"GCF_002732255.1_ASM273225v1"
"95","NZ_NQJY01000020.1_44","mobileOG_000026154","uvrA","P0A699","replication/recombination/repair","NA","Plasmid",91.3,940,82,0,1,940,1,940,0,1732,"GCF_002732285.1_ASM273228v1"
"96","NZ_NQKC01000049.1_20","mobileOG_000026154","uvrA","P0A699","replication/recombination/repair","NA","Plasmid",91.3,940,82,0,1,940,1,940,0,1732,"GCF_002732335.1_ASM273233v1"
"97","NZ_NQKC01000018.1_4","mobileOG_000001514","mobA","P07112","transfer","conjugation,relaxosome","Multiple|Manual",100,709,0,0,1,709,1,709,0,1376,"GCF_002732335.1_ASM273233v1"
"98","NZ_NQKC01000084.1_4","mobileOG_000025126","mbeA","A0A0T9V537","transfer","conjugation,relaxosome","Plasmid",95.5,511,23,0,1,511,1,511,0,944,"GCF_002732335.1_ASM273233v1"
"99","NZ_NQJS01000083.1_21","mobileOG_000026154","uvrA","P0A699","replication/recombination/repair","NA","Plasmid",91.3,940,82,0,1,940,1,940,0,1732,"GCF_002732405.1_ASM273240v1"
"100","NZ_NQJT01000045.1_44","mobileOG_000026154","uvrA","P0A699","replication/recombination/repair","NA","Plasmid",91.3,940,82,0,1,940,1,940,0,1732,"GCF_002732425.1_ASM273242v1"
"101","NZ_NQJZ01000004.1_21","mobileOG_000026154","uvrA","P0A699","replication/recombination/repair","NA","Plasmid",91.3,940,82,0,1,940,1,940,0,1732,"GCF_002732505.1_ASM273250v1"
"102","NZ_CP023568.1_24","mobileOG_000001100","tnpA","Q00037","integration/excision","NA","Multiple|Manual",83.7,998,163,0,1,998,1,998,0,1672,"GCF_002952315.1_ASM295231v1"
"103","NZ_PCQJ01000010.1_58","mobileOG_000026154","uvrA","P0A699","replication/recombination/repair","NA","Plasmid",91,940,85,0,1,940,1,940,0,1724,"GCF_002980095.1_ASM298009v1"
"104","NZ_LJAM02000001.1_16","mobileOG_000002858","traD","WP_000009350.1","transfer","conjugation","COMPASS|Manual",82,606,109,0,1,606,1,606,0,1020,"GCF_003058285.1_ASM305828v2"
"105","NZ_LJAM02000001.1_19","mobileOG_000024642","traG","A0A221ZNA5","transfer","conjugation","Multiple|Manual",90.7,948,88,0,1,948,1,948,0,1571,"GCF_003058285.1_ASM305828v2"
"106","NZ_LJAM02000001.1_30","mobileOG_000024044","traC","A0A2C5TST3","transfer","conjugation","Plasmid",99.2,876,7,0,1,876,1,876,0,1725,"GCF_003058285.1_ASM305828v2"
"107","NZ_LJAM02000001.1_50","mobileOG_000025359","parB","A0A286NCI9","replication/recombination/repair","transfer","Multiple|Manual",94.9,669,34,0,1,669,1,669,0,1226,"GCF_003058285.1_ASM305828v2"
"108","NZ_RHHM01000024.1_6","mobileOG_000025050","dnaB","A0A315GQY4","replication/recombination/repair","NA","Plasmid",97.6,454,11,0,4,457,3,456,0,866,"GCF_003846135.1_ASM384613v1"
"109","NZ_RHHM01000024.1_7","mobileOG_000025051","parB","A0A315GTQ9","replication/recombination/repair","transfer","Plasmid",86.6,559,66,2,1,555,1,554,0,961,"GCF_003846135.1_ASM384613v1"
"110","NZ_RHHM01000024.1_14","mobileOG_000025052","topB","A0A315GQ97","replication/recombination/repair","NA","Plasmid",92.2,681,48,1,1,676,1,681,0,1253,"GCF_003846135.1_ASM384613v1"
"111","NZ_RHHM01000024.1_48","mobileOG_000025112","traG","A0A315I1H9","transfer","conjugation","Plasmid",93.5,510,33,0,1,510,1,510,0,915,"GCF_003846135.1_ASM384613v1"
"112","NZ_MCFB01000002.1_21","mobileOG_000026154","uvrA","P0A699","replication/recombination/repair","NA","Plasmid",91.3,940,82,0,1,940,1,940,0,1732,"GCF_003992295.1_ASM399229v1"
"113","NZ_QGAC01000013.1_9","mobileOG_000026107","parE","P20083","replication/recombination/repair","partitioning","Multiple|Manual",91.3,631,54,1,1,631,1,630,0,1156,"GCF_005233475.1_ASM523347v1"
"114","NZ_QGAC01000013.1_20","mobileOG_000026109","parC","P0AFI2","replication/recombination/repair","partitioning","Plasmid",84.7,752,113,2,7,758,3,752,0,1247,"GCF_005233475.1_ASM523347v1"
"115","NZ_QGAC01000021.1_89","mobileOG_000022309","virB4","E0SJI1","transfer","conjugation","ICE|Manual",84,915,146,0,1,915,12,926,0,1576,"GCF_005233475.1_ASM523347v1"
"116","NZ_QGAC01000025.1_52","mobileOG_000015138","dnaG","A0A0P0QJ09","replication/recombination/repair","NA","GPD|Manual",82.6,581,101,0,1,581,1,581,0,973,"GCF_005233475.1_ASM523347v1"
"117","NZ_QGAC01000048.1_1","mobileOG_000022855","mobB","A4GZH1","transfer","conjugation","ICE|Manual",81.9,634,110,2,1,634,1,629,0,999,"GCF_005233475.1_ASM523347v1"
"118","NZ_CP034365.1_13","mobileOG_000024011","virB4","A0A1L4BM37","transfer","conjugation","Multiple|Manual",82.6,915,159,0,1,915,1,915,0,1562,"GCF_007981265.1_ASM798126v1"
"119","NZ_CP034365.1_23","mobileOG_000024184","traG","A0A2Z4HVG2","transfer","conjugation","Plasmid",83.6,611,100,0,1,611,1,611,0,1036,"GCF_007981265.1_ASM798126v1"
"120","NZ_RQVV01000027.1_5","mobileOG_000025726","hsdR","A0A0K0VLC4","stability/transfer/defense","NA","Multiple|Manual",86,1039,144,1,1,1039,1,1038,0,1769,"GCF_009295515.1_ASM929551v1"
"121","NZ_RQVV01000027.1_8","mobileOG_000025659","hsdM","A0A0K0VKV2","stability/transfer/defense","NA","Multiple|Manual",93.2,517,35,0,1,517,1,517,0,959,"GCF_009295515.1_ASM929551v1"
"122","NZ_WLZX01000011.1_39","mobileOG_000026154","uvrA","P0A699","replication/recombination/repair","NA","Plasmid",91.7,940,78,0,1,940,1,940,0,1739,"GCF_009707715.1_ASM970771v1"
"123","NZ_SEZT01000262.1_5","mobileOG_000015074","uvrD","A0A037Y8I6","replication/recombination/repair","NA","GPD|Manual",88.3,720,84,0,1,720,1,720,0,1279,"GCF_012026695.1_ASM1202669v1"
"124","NZ_SEZT01000397.1_2","mobileOG_000025738","uvrB","A0A1Q6B6E1","replication/recombination/repair","NA","Plasmid",87.7,674,82,1,1,674,1,673,0,1153,"GCF_012026695.1_ASM1202669v1"
"125","NZ_JAAEUN010000018.1_69","mobileOG_000026154","uvrA","P0A699","replication/recombination/repair","NA","Plasmid",91.3,940,82,0,1,940,1,940,0,1732,"GCF_012366985.1_ASM1236698v1"
"126","NZ_JAAEUL010000005.1_69","mobileOG_000026154","uvrA","P0A699","replication/recombination/repair","NA","Plasmid",91.3,940,82,0,1,940,1,940,0,1732,"GCF_012366995.1_ASM1236699v1"
"127","NZ_JAAEUQ010000042.1_7","mobileOG_000024011","virB4","A0A1L4BM37","transfer","conjugation","Multiple|Manual",83.6,915,150,0,1,915,1,915,0,1578,"GCF_012367015.1_ASM1236701v1"
"128","NZ_JAAEUQ010000042.1_16","mobileOG_000024184","traG","A0A2Z4HVG2","transfer","conjugation","Plasmid",86.3,611,84,0,1,611,1,611,0,1066,"GCF_012367015.1_ASM1236701v1"
"129","NZ_JAAEUQ010000016.1_32","mobileOG_000026154","uvrA","P0A699","replication/recombination/repair","NA","Plasmid",91.2,940,83,0,1,940,1,940,0,1730,"GCF_012367015.1_ASM1236701v1"
"130","NZ_JAAEUV010000003.1_6","mobileOG_000026261","mobA","A0A2L1F4H9","transfer","conjugation,relaxosome","Multiple|Manual",99.7,659,2,0,1,659,1,659,0,1296,"GCF_012367075.1_ASM1236707v1"
"131","NZ_JAAEUV010000003.1_65","mobileOG_000024464","trbC","A0A2Z5WQP0","transfer","conjugation","Plasmid",99.6,695,3,0,1,695,1,695,0,1375,"GCF_012367075.1_ASM1236707v1"
"132","NZ_JAAEUV010000003.1_73","mobileOG_000026473","traU","A0A2L1F4P4","transfer","conjugation","Multiple|Manual",96.8,1016,33,0,1,1016,1,1016,0,1958,"GCF_012367075.1_ASM1236707v1"
"133","NZ_JAAEUV010000003.1_84","mobileOG_000003098","traC","A0A1W5T8F3","transfer","conjugation","COMPASS|Manual",96.6,537,13,2,81,612,335,871,0,1002,"GCF_012367075.1_ASM1236707v1"
"134","NZ_JAAEUW010000017.1_69","mobileOG_000026154","uvrA","P0A699","replication/recombination/repair","NA","Plasmid",91.3,940,82,0,1,940,1,940,0,1732,"GCF_012367095.1_ASM1236709v1"
"135","NZ_JAAEVA010000016.1_21","mobileOG_000026154","uvrA","P0A699","replication/recombination/repair","NA","Plasmid",91.3,940,82,0,1,940,1,940,0,1732,"GCF_012367125.1_ASM1236712v1"
"136","NZ_JAAEVC010000017.1_69","mobileOG_000026154","uvrA","P0A699","replication/recombination/repair","NA","Plasmid",91.3,940,82,0,1,940,1,940,0,1732,"GCF_012367155.1_ASM1236715v1"
"137","NZ_JAAEVC010000046.1_5","mobileOG_000008287","dptF","A0A1M0ETU4","stability/transfer/defense","NA","GPD|Manual",80.1,548,108,1,1,547,1,548,0,887,"GCF_012367155.1_ASM1236715v1"
"138","NZ_JAAEVE010000031.1_21","mobileOG_000026154","uvrA","P0A699","replication/recombination/repair","NA","Plasmid",91.3,940,82,0,1,940,1,940,0,1732,"GCF_012367165.1_ASM1236716v1"
"139","NZ_JAAEVG010000032.1_60","mobileOG_000026154","uvrA","P0A699","replication/recombination/repair","NA","Plasmid",91.3,940,82,0,1,940,1,940,0,1732,"GCF_012367175.1_ASM1236717v1"
"140","NZ_JAAEVF010000015.1_21","mobileOG_000026154","uvrA","P0A699","replication/recombination/repair","NA","Plasmid",91.3,940,82,0,1,940,1,940,0,1732,"GCF_012367185.1_ASM1236718v1"
"141","NZ_JAAEVF010000040.1_93","mobileOG_000026109","parC","P0AFI2","replication/recombination/repair","partitioning","Plasmid",83,752,126,2,7,758,3,752,0,1222,"GCF_012367185.1_ASM1236718v1"
"142","NZ_JAAEVI010000028.1_21","mobileOG_000026154","uvrA","P0A699","replication/recombination/repair","NA","Plasmid",91.3,940,82,0,1,940,1,940,0,1732,"GCF_012367195.1_ASM1236719v1"
"143","NZ_JAAEVJ010000021.1_21","mobileOG_000026154","uvrA","P0A699","replication/recombination/repair","NA","Plasmid",91.3,940,82,0,1,940,1,940,0,1732,"GCF_012367255.1_ASM1236725v1"
"144","NZ_JAAEVL010000028.1_21","mobileOG_000026154","uvrA","P0A699","replication/recombination/repair","NA","Plasmid",91.3,940,82,0,1,940,1,940,0,1732,"GCF_012367265.1_ASM1236726v1"
"145","NZ_JAAEVO010000027.1_69","mobileOG_000026154","uvrA","P0A699","replication/recombination/repair","NA","Plasmid",91.3,940,82,0,1,940,1,940,0,1732,"GCF_012367275.1_ASM1236727v1"
"146","NZ_JAAEVN010000003.1_69","mobileOG_000026154","uvrA","P0A699","replication/recombination/repair","NA","Plasmid",91.3,940,82,0,1,940,1,940,0,1732,"GCF_012367305.1_ASM1236730v1"
"147","NZ_JAAEVP010000016.1_21","mobileOG_000026154","uvrA","P0A699","replication/recombination/repair","NA","Plasmid",91.3,940,82,0,1,940,1,940,0,1732,"GCF_012367355.1_ASM1236735v1"
"148","NZ_JAAEVR010000033.1_69","mobileOG_000026154","uvrA","P0A699","replication/recombination/repair","NA","Plasmid",91.3,940,82,0,1,940,1,940,0,1732,"GCF_012367375.1_ASM1236737v1"
"149","NZ_JAAEVS010000019.1_7","mobileOG_000024011","virB4","A0A1L4BM37","transfer","conjugation","Multiple|Manual",83.6,915,150,0,1,915,1,915,0,1578,"GCF_012367415.1_ASM1236741v1"
"150","NZ_JAAEVS010000019.1_16","mobileOG_000024184","traG","A0A2Z4HVG2","transfer","conjugation","Plasmid",86.3,611,84,0,1,611,1,611,0,1066,"GCF_012367415.1_ASM1236741v1"
"151","NZ_JAAEVS010000002.1_76","mobileOG_000026154","uvrA","P0A699","replication/recombination/repair","NA","Plasmid",91.2,940,83,0,1,940,1,940,0,1730,"GCF_012367415.1_ASM1236741v1"
"152","NZ_JAAEVV010000024.1_33","mobileOG_000026154","uvrA","P0A699","replication/recombination/repair","NA","Plasmid",91.3,940,82,0,1,940,1,940,0,1732,"GCF_012367475.1_ASM1236747v1"
"153","NZ_JAAEVX010000029.1_21","mobileOG_000026154","uvrA","P0A699","replication/recombination/repair","NA","Plasmid",91.3,940,82,0,1,940,1,940,0,1732,"GCF_012367485.1_ASM1236748v1"
"154","NZ_JAAEWC010000016.1_21","mobileOG_000026154","uvrA","P0A699","replication/recombination/repair","NA","Plasmid",91.3,940,82,0,1,940,1,940,0,1732,"GCF_012367575.1_ASM1236757v1"
"155","NZ_JAAEWG010000010.1_32","mobileOG_000026154","uvrA","P0A699","replication/recombination/repair","NA","Plasmid",91.2,940,83,0,1,940,1,940,0,1730,"GCF_012367585.1_ASM1236758v1"
"156","NZ_JAAEWF010000002.1_77","mobileOG_000026154","uvrA","P0A699","replication/recombination/repair","NA","Plasmid",91.2,940,83,0,1,940,1,940,0,1730,"GCF_012367595.1_ASM1236759v1"
"157","NZ_JAAEWI010000006.1_70","mobileOG_000026154","uvrA","P0A699","replication/recombination/repair","NA","Plasmid",91.3,940,82,0,1,940,1,940,0,1732,"GCF_012367615.1_ASM1236761v1"
"158","NZ_JAAEWH010000007.1_20","mobileOG_000015138","dnaG","A0A0P0QJ09","replication/recombination/repair","NA","GPD|Manual",82.1,580,104,0,1,580,1,580,0,973,"GCF_012367655.1_ASM1236765v1"
"159","NZ_JAAEWH010000007.1_41","mobileOG_000026108","parE","P0A2I6","replication/recombination/repair","partitioning","Plasmid",90.6,631,58,1,1,631,1,630,0,1152,"GCF_012367655.1_ASM1236765v1"
"160","NZ_JAAEWH010000007.1_57","mobileOG_000026109","parC","P0AFI2","replication/recombination/repair","partitioning","Plasmid",83.2,748,125,1,7,754,3,749,0,1222,"GCF_012367655.1_ASM1236765v1"
"161","NZ_JAAEWK010000004.1_7","mobileOG_000019986","uvrC","W9BI01","replication/recombination/repair","NA","GPD|Manual",85.2,610,90,0,1,610,1,610,0,1053,"GCF_012367675.1_ASM1236767v1"
"162","NZ_JAAEWL010000029.1_69","mobileOG_000026154","uvrA","P0A699","replication/recombination/repair","NA","Plasmid",91.3,940,82,0,1,940,1,940,0,1732,"GCF_012367695.2_ASM1236769v1"
"163","NZ_JAAEWN010000017.1_21","mobileOG_000026154","uvrA","P0A699","replication/recombination/repair","NA","Plasmid",91.3,940,82,0,1,940,1,940,0,1732,"GCF_012367705.1_ASM1236770v1"
"164","NZ_JAAEWQ010000023.1_69","mobileOG_000026154","uvrA","P0A699","replication/recombination/repair","NA","Plasmid",91.3,940,82,0,1,940,1,940,0,1732,"GCF_012367775.1_ASM1236777v1"
"165","NZ_JAAEWW010000012.1_1","mobileOG_000003098","traC","A0A1W5T8F3","transfer","conjugation","COMPASS|Manual",96.6,537,13,2,81,612,335,871,0,1002,"GCF_012367795.1_ASM1236779v1"
"166","NZ_JAAEWW010000012.1_12","mobileOG_000026473","traU","A0A2L1F4P4","transfer","conjugation","Multiple|Manual",96.8,1016,33,0,1,1016,1,1016,0,1958,"GCF_012367795.1_ASM1236779v1"
"167","NZ_JAAEWW010000012.1_20","mobileOG_000024464","trbC","A0A2Z5WQP0","transfer","conjugation","Plasmid",99.6,695,3,0,1,695,1,695,0,1375,"GCF_012367795.1_ASM1236779v1"
"168","NZ_JAAEWW010000012.1_79","mobileOG_000026261","mobA","A0A2L1F4H9","transfer","conjugation,relaxosome","Multiple|Manual",99.7,659,2,0,1,659,1,659,0,1296,"GCF_012367795.1_ASM1236779v1"
"169","NZ_JAAEWW010000006.1_21","mobileOG_000026154","uvrA","P0A699","replication/recombination/repair","NA","Plasmid",91.3,940,82,0,1,940,1,940,0,1732,"GCF_012367795.1_ASM1236779v1"
"170","NZ_JAAEWX010000031.1_69","mobileOG_000026154","uvrA","P0A699","replication/recombination/repair","NA","Plasmid",91.3,940,82,0,1,940,1,940,0,1732,"GCF_012367845.1_ASM1236784v1"
"171","NZ_JAAEXB010000020.1_21","mobileOG_000026154","uvrA","P0A699","replication/recombination/repair","NA","Plasmid",91.3,940,82,0,1,940,1,940,0,1732,"GCF_012367885.1_ASM1236788v1"
"172","NZ_JAAEXD010000011.1_69","mobileOG_000026154","uvrA","P0A699","replication/recombination/repair","NA","Plasmid",91.3,940,82,0,1,940,1,940,0,1732,"GCF_012367905.1_ASM1236790v1"
"173","NZ_JAAEXC010000033.1_4","mobileOG_000008287","dptF","A0A1M0ETU4","stability/transfer/defense","NA","GPD|Manual",80.1,548,108,1,1,547,1,548,0,887,"GCF_012367945.1_ASM1236794v1"
"174","NZ_JAAEXE010000025.1_69","mobileOG_000026154","uvrA","P0A699","replication/recombination/repair","NA","Plasmid",91.3,940,82,0,1,940,1,940,0,1732,"GCF_012367975.1_ASM1236797v1"
"175","NZ_JAAEXF010000020.1_69","mobileOG_000026154","uvrA","P0A699","replication/recombination/repair","NA","Plasmid",91.3,940,82,0,1,940,1,940,0,1732,"GCF_012367995.1_ASM1236799v1"
"176","NZ_JAAEXI010000014.1_69","mobileOG_000026154","uvrA","P0A699","replication/recombination/repair","NA","Plasmid",91.3,940,82,0,1,940,1,940,0,1732,"GCF_012368065.1_ASM1236806v1"
"177","NZ_JAAEXL010000031.1_21","mobileOG_000026154","uvrA","P0A699","replication/recombination/repair","NA","Plasmid",91.3,940,82,0,1,940,1,940,0,1732,"GCF_012368085.1_ASM1236808v1"
"178","NZ_JAAEXM010000027.1_69","mobileOG_000026154","uvrA","P0A699","replication/recombination/repair","NA","Plasmid",91.3,940,82,0,1,940,1,940,0,1732,"GCF_012368135.1_ASM1236813v1"
"179","NZ_JAAEXP010000003.1_20","mobileOG_000026154","uvrA","P0A699","replication/recombination/repair","NA","Plasmid",91.3,940,82,0,1,940,1,940,0,1732,"GCF_012368185.1_ASM1236818v1"
"180","NZ_JAAEXU010000005.1_2","mobileOG_000026154","uvrA","P0A699","replication/recombination/repair","NA","Plasmid",91.3,940,82,0,1,940,1,940,0,1732,"GCF_012368265.1_ASM1236826v1"
"181","NZ_JAAEUO010000032.1_6","mobileOG_000025126","mbeA","A0A0T9V537","transfer","conjugation,relaxosome","Plasmid",95.5,511,23,0,1,511,1,511,0,944,"GCF_012371495.1_ASM1237149v1"
"182","NZ_JAAEUP010000029.1_21","mobileOG_000026154","uvrA","P0A699","replication/recombination/repair","NA","Plasmid",91.3,940,82,0,1,940,1,940,0,1732,"GCF_012371505.1_ASM1237150v1"
"183","NZ_JAAEUR010000003.1_6","mobileOG_000025126","mbeA","A0A0T9V537","transfer","conjugation,relaxosome","Plasmid",95.5,511,23,0,1,511,1,511,0,944,"GCF_012371555.1_ASM1237155v1"
"184","NZ_JAAEUT010000023.1_21","mobileOG_000026154","uvrA","P0A699","replication/recombination/repair","NA","Plasmid",91.3,940,82,0,1,940,1,940,0,1732,"GCF_012371575.1_ASM1237157v1"
"185","NZ_JAAEUX010000002.1_69","mobileOG_000026154","uvrA","P0A699","replication/recombination/repair","NA","Plasmid",91.3,940,82,0,1,940,1,940,0,1732,"GCF_012371585.1_ASM1237158v1"
"186","NZ_JAAEUZ010000022.1_76","mobileOG_000026154","uvrA","P0A699","replication/recombination/repair","NA","Plasmid",91.3,940,82,0,1,940,1,940,0,1732,"GCF_012371615.1_ASM1237161v1"
"187","NZ_JAAEVB010000002.1_12","mobileOG_000026160","groL","A0A0W8A593","phage","replication,chaperone","Plasmid",94.2,536,31,0,1,536,1,536,0,940,"GCF_012371665.2_ASM1237166v1"
"188","NZ_JAAEVB010000021.1_3","mobileOG_000026109","parC","P0AFI2","replication/recombination/repair","partitioning","Plasmid",83.2,748,125,1,7,754,3,749,0,1222,"GCF_012371665.2_ASM1237166v1"
"189","NZ_JAAEVH010000010.1_69","mobileOG_000026154","uvrA","P0A699","replication/recombination/repair","NA","Plasmid",91.3,940,82,0,1,940,1,940,0,1732,"GCF_012371675.1_ASM1237167v1"
"190","NZ_JAAEVD010000017.1_21","mobileOG_000026154","uvrA","P0A699","replication/recombination/repair","NA","Plasmid",91.3,940,82,0,1,940,1,940,0,1732,"GCF_012371685.1_ASM1237168v1"
"191","NZ_JAAEVW010000002.1_69","mobileOG_000026154","uvrA","P0A699","replication/recombination/repair","NA","Plasmid",91.3,940,82,0,1,940,1,940,0,1732,"GCF_012371695.1_ASM1237169v1"
"192","NZ_JAAEWP010000018.1_21","mobileOG_000026154","uvrA","P0A699","replication/recombination/repair","NA","Plasmid",91.3,940,82,0,1,940,1,940,0,1732,"GCF_012371765.1_ASM1237176v1"
"193","NZ_JAAEWD010000008.1_21","mobileOG_000026108","parE","P0A2I6","replication/recombination/repair","partitioning","Plasmid",90.6,631,58,1,1,631,1,630,0,1152,"GCF_012371775.1_ASM1237177v1"
"194","NZ_JAAEWD010000008.1_37","mobileOG_000026109","parC","P0AFI2","replication/recombination/repair","partitioning","Plasmid",83.2,748,125,1,7,754,3,749,0,1222,"GCF_012371775.1_ASM1237177v1"
"195","NZ_JAAEWJ010000010.1_21","mobileOG_000026154","uvrA","P0A699","replication/recombination/repair","NA","Plasmid",91.3,940,82,0,1,940,1,940,0,1732,"GCF_012371795.1_ASM1237179v1"
"196","NZ_JAAEWR010000002.1_69","mobileOG_000026154","uvrA","P0A699","replication/recombination/repair","NA","Plasmid",91.3,940,82,0,1,940,1,940,0,1732,"GCF_012371865.1_ASM1237186v1"
"197","NZ_JAAEWU010000020.1_20","mobileOG_000026154","uvrA","P0A699","replication/recombination/repair","NA","Plasmid",91.3,940,82,0,1,940,1,940,0,1732,"GCF_012371885.1_ASM1237188v1"
"198","NZ_JAAEWV010000025.1_21","mobileOG_000026154","uvrA","P0A699","replication/recombination/repair","NA","Plasmid",91.3,940,82,0,1,940,1,940,0,1732,"GCF_012371915.1_ASM1237191v1"
"199","NZ_SCKU01000019.1_16","mobileOG_000026160","groL","A0A0W8A593","phage","replication,chaperone","Plasmid",94.4,536,30,0,1,536,1,536,0,946,"GCF_014155785.1_ASM1415578v1"
"200","NZ_JACYMQ010000008.1_96","mobileOG_000026154","uvrA","P0A699","replication/recombination/repair","NA","Plasmid",91.6,940,79,0,1,940,1,940,0,1736,"GCF_014838835.1_ASM1483883v1"
"201","NZ_JACYND010000009.1_111","mobileOG_000001341","res","P08764","stability/transfer/defense","NA","Multiple|Manual",86.1,966,134,0,1,966,1,966,0,1551,"GCF_014839105.1_ASM1483910v1"
"202","NZ_JACVTS010000024.1_12","mobileOG_000001100","tnpA","Q00037","integration/excision","NA","Multiple|Manual",83.1,1001,169,0,1,1001,1,1001,0,1683,"GCF_016624545.1_S38"
"203","NZ_JACVTX010000015.1_78","mobileOG_000026154","uvrA","P0A699","replication/recombination/repair","NA","Plasmid",92.1,940,74,0,1,940,1,940,0,1753,"GCF_016624745.1_S43"
"204","NZ_JACVTX010000029.1_12","mobileOG_000025032","dnaB","A0A2N5DTP3","replication/recombination/repair","NA","Plasmid",97.8,461,10,0,1,461,1,461,0,883,"GCF_016624745.1_S43"
"205","NZ_JAHSPF010000021.1_23","mobileOG_000009366","uvrC","WP_001283421.1","replication/recombination/repair","NA","Multiple|Manual",86.9,588,77,0,1,588,23,610,0,1035,"GCF_019132875.1_ASM1913287v1"
"206","NZ_JAIMFV010000012.1_21","mobileOG_000026154","uvrA","P0A699","replication/recombination/repair","NA","Plasmid",91.3,940,82,0,1,940,1,940,0,1732,"GCF_019967075.1_ASM1996707v1"
"207","NZ_JAIMFX010000013.1_70","mobileOG_000026154","uvrA","P0A699","replication/recombination/repair","NA","Plasmid",91.3,940,82,0,1,940,1,940,0,1732,"GCF_019967115.1_ASM1996711v1"
"208","NZ_VOIC01000003.1_29","mobileOG_000001100","tnpA","Q00037","integration/excision","NA","Multiple|Manual",83.7,998,163,0,1,998,1,998,0,1672,"GCF_020428355.1_ASM2042835v1"
"209","NZ_CP063698.1_7","mobileOG_000024184","traG","A0A2Z4HVG2","transfer","conjugation","Plasmid",83.3,611,102,0,1,611,1,611,0,1030,"GCF_020544325.1_ASM2054432v1"
"210","NZ_CP063698.1_15","mobileOG_000024011","virB4","A0A1L4BM37","transfer","conjugation","Multiple|Manual",82.8,915,157,0,1,915,1,915,0,1564,"GCF_020544325.1_ASM2054432v1"
"211","NZ_CP063689.1_33","mobileOG_000024184","traG","A0A2Z4HVG2","transfer","conjugation","Plasmid",83.3,611,102,0,1,611,1,611,0,1030,"GCF_020546585.1_ASM2054658v1"
"212","NZ_CP063689.1_41","mobileOG_000024011","virB4","A0A1L4BM37","transfer","conjugation","Multiple|Manual",82.8,915,157,0,1,915,1,915,0,1564,"GCF_020546585.1_ASM2054658v1"
"213","NZ_CP063692.1_24","mobileOG_000024184","traG","A0A2Z4HVG2","transfer","conjugation","Plasmid",83.3,611,102,0,1,611,1,611,0,1030,"GCF_020546605.1_ASM2054660v1"
"214","NZ_CP063692.1_32","mobileOG_000024011","virB4","A0A1L4BM37","transfer","conjugation","Multiple|Manual",82.8,915,157,0,1,915,1,915,0,1564,"GCF_020546605.1_ASM2054660v1"
"215","NZ_CP063696.1_13","mobileOG_000024184","traG","A0A2Z4HVG2","transfer","conjugation","Plasmid",83.3,611,102,0,1,611,1,611,0,1030,"GCF_020882215.1_ASM2088221v1"
"216","NZ_CP063696.1_21","mobileOG_000024011","virB4","A0A1L4BM37","transfer","conjugation","Multiple|Manual",82.8,915,157,0,1,915,1,915,0,1564,"GCF_020882215.1_ASM2088221v1"
"217","NZ_CP063806.1_34","mobileOG_000024011","virB4","A0A1L4BM37","transfer","conjugation","Multiple|Manual",82.8,915,157,0,1,915,1,915,0,1564,"GCF_022811485.1_ASM2281148v1"
"218","NZ_CP063806.1_42","mobileOG_000024184","traG","A0A2Z4HVG2","transfer","conjugation","Plasmid",83.3,611,102,0,1,611,1,611,0,1030,"GCF_022811485.1_ASM2281148v1"
"219","NZ_JAJTMS010000011.1_22","mobileOG_000003432","traG","B2VB20","transfer","conjugation","COMPASS|Manual",96.6,1006,34,0,1,1006,1,1006,0,1748,"GCF_023184455.1_ASM2318445v1"
"220","NZ_JAMKCQ010000003.1_30","mobileOG_000001100","tnpA","Q00037","integration/excision","NA","Multiple|Manual",82.3,1000,177,0,1,1000,1,1000,0,1654,"GCF_024169515.1_ASM2416951v1"
"221","NZ_JANFMZ010000007.1_108","mobileOG_000026154","uvrA","P0A699","replication/recombination/repair","NA","Plasmid",91.6,940,79,0,1,940,1,940,0,1736,"GCF_024436235.1_ASM2443623v1"
"222","NZ_JANFMY010000009.1_107","mobileOG_000026154","uvrA","P0A699","replication/recombination/repair","NA","Plasmid",91.6,940,79,0,1,940,1,940,0,1736,"GCF_024436265.1_ASM2443626v1"
"223","NZ_JANFMX010000008.1_102","mobileOG_000026154","uvrA","P0A699","replication/recombination/repair","NA","Plasmid",91.6,940,79,0,1,940,1,940,0,1736,"GCF_024436315.1_ASM2443631v1"
"224","NZ_JANUEO010000003.1_122","mobileOG_000022309","virB4","E0SJI1","transfer","conjugation","ICE|Manual",84.5,915,142,0,1,915,12,926,0,1577,"GCF_024807835.1_ASM2480783v1"
"225","NZ_JANUEO010000003.1_133","mobileOG_000022855","mobB","A4GZH1","transfer","conjugation","ICE|Manual",84.1,599,91,2,1,599,11,605,0,973,"GCF_024807835.1_ASM2480783v1"
"226","NZ_JANUEO010000003.1_420","mobileOG_000015191","gyrA","A0A0F0VK66","replication/recombination/repair","transfer","GPD|Manual",88.4,879,101,1,1,878,1,879,0,1478,"GCF_024807835.1_ASM2480783v1"
"227","NZ_JANUEO010000010.1_78","mobileOG_000025032","dnaB","A0A2N5DTP3","replication/recombination/repair","NA","Plasmid",96.1,461,18,0,1,461,1,461,0,877,"GCF_024807835.1_ASM2480783v1"
"228","NZ_JANVCU010000003.1_2","mobileOG_000001100","tnpA","Q00037","integration/excision","NA","Multiple|Manual",83.1,788,133,0,1,788,1,788,0,1316,"GCF_025153555.1_ASM2515355v1"
"229","NZ_CP103451.1_20","mobileOG_000001100","tnpA","Q00037","integration/excision","NA","Multiple|Manual",83.1,788,133,0,1,788,1,788,0,1316,"GCF_025158995.1_ASM2515899v1"
"230","NZ_CP103446.1_35","mobileOG_000001100","tnpA","Q00037","integration/excision","NA","Multiple|Manual",84.1,908,144,0,1,908,91,998,0,1529,"GCF_025159015.1_ASM2515901v1"
"231","NZ_VFIK01000016.1_57","mobileOG_000026154","uvrA","P0A699","replication/recombination/repair","NA","Plasmid",92.1,940,74,0,1,940,1,940,0,1748,"GCF_025388785.1_ASM2538878v1"
"232","NZ_VFIJ01000012.1_110","mobileOG_000001100","tnpA","Q00037","integration/excision","NA","Multiple|Manual",83.3,1003,167,1,1,1003,1,1002,0,1680,"GCF_025388825.1_ASM2538882v1"
"233","NZ_VFIJ01000012.1_167","mobileOG_000001100","tnpA","Q00037","integration/excision","NA","Multiple|Manual",85.4,731,106,1,1,731,273,1002,0,1254,"GCF_025388825.1_ASM2538882v1"
"234","NZ_VFIJ01000020.1_23","mobileOG_000026154","uvrA","P0A699","replication/recombination/repair","NA","Plasmid",92.1,940,74,0,1,940,1,940,0,1748,"GCF_025388825.1_ASM2538882v1"
"235","NZ_VFIH01000016.1_23","mobileOG_000026154","uvrA","P0A699","replication/recombination/repair","NA","Plasmid",92.1,940,74,0,1,940,1,940,0,1748,"GCF_025388845.1_ASM2538884v1"
"236","NZ_VFIH01000021.1_25","mobileOG_000001100","tnpA","Q00037","integration/excision","NA","Multiple|Manual",91.3,1000,87,0,1,1000,1,1000,0,1827,"GCF_025388845.1_ASM2538884v1"
"237","NZ_VFIF01000019.1_57","mobileOG_000026154","uvrA","P0A699","replication/recombination/repair","NA","Plasmid",92.1,940,74,0,1,940,1,940,0,1748,"GCF_025388945.1_ASM2538894v1"
"238","NZ_VFIF01000021.1_25","mobileOG_000025359","parB","A0A286NCI9","replication/recombination/repair","transfer","Multiple|Manual",96,669,27,0,1,669,1,669,0,1237,"GCF_025388945.1_ASM2538894v1"
"239","NZ_VFIF01000021.1_51","mobileOG_000024044","traC","A0A2C5TST3","transfer","conjugation","Plasmid",99.3,876,6,0,1,876,1,876,0,1726,"GCF_025388945.1_ASM2538894v1"
"240","NZ_VFIF01000021.1_56","mobileOG_000025680","traN","A0A286NCL9","transfer","conjugation","Multiple|Manual",80.5,631,93,8,1,621,7,617,0,956,"GCF_025388945.1_ASM2538894v1"
"241","NZ_VFIF01000021.1_63","mobileOG_000024642","traG","A0A221ZNA5","transfer","conjugation","Multiple|Manual",90.6,948,89,0,1,948,1,948,0,1571,"GCF_025388945.1_ASM2538894v1"
"242","NZ_VFIF01000021.1_65","mobileOG_000002858","traD","WP_000009350.1","transfer","conjugation","COMPASS|Manual",81.5,606,112,0,1,606,1,606,0,1016,"GCF_025388945.1_ASM2538894v1"
"243","NZ_VFIF01000031.1_23","mobileOG_000001100","tnpA","Q00037","integration/excision","NA","Multiple|Manual",91.8,778,64,0,1,778,223,1000,0,1430,"GCF_025388945.1_ASM2538894v1"
"244","NZ_CP104747.1_36","mobileOG_000001100","tnpA","Q00037","integration/excision","NA","Multiple|Manual",84.2,900,142,0,1,900,99,998,0,1517,"GCF_025402895.1_ASM2540289v1"
"245","NZ_JAOVAZ010000002.1_34","mobileOG_000001100","tnpA","Q00037","integration/excision","NA","Multiple|Manual",84.1,685,109,0,4,688,104,788,0,1160,"GCF_025656905.1_ASM2565690v1"
"246","NZ_JAPDNC010000017.1_1","mobileOG_000022546","hsdR","A0A0N9DYW2","stability/transfer/defense","NA","ICE|Manual",89.1,1067,110,1,1,1061,1,1067,0,1909,"GCF_025947915.1_ASM2594791v1"
"247","NZ_CP104024.1_57","mobileOG_000025916","traY","A0A068Z7H1","transfer","conjugation","Plasmid",80.2,701,139,0,1,701,1,701,0,1072,"GCF_025987805.1_ASM2598780v1"
"248","NZ_RQSA01000011.1_70","mobileOG_000026154","uvrA","P0A699","replication/recombination/repair","NA","Plasmid",92.1,940,74,0,1,940,1,940,0,1744,"GCF_026549055.1_ASM2654905v1"
"249","NZ_RQSB01000032.1_43","mobileOG_000025051","parB","A0A315GTQ9","replication/recombination/repair","transfer","Plasmid",89.9,554,52,1,1,550,1,554,0,999,"GCF_026549085.1_ASM2654908v1"
"250","NZ_JASCAQ010000036.1_77","mobileOG_000002858","traD","WP_000009350.1","transfer","conjugation","COMPASS|Manual",80.4,606,119,0,1,606,1,606,0,1008,"GCF_029967685.1_ASM2996768v1"
"251","NZ_JASCAQ010000036.1_92","mobileOG_000024044","traC","A0A2C5TST3","transfer","conjugation","Plasmid",90.5,876,83,0,1,876,1,876,0,1592,"GCF_029967685.1_ASM2996768v1"
"252","NZ_JASCAQ010000057.1_18","mobileOG_000025032","dnaB","A0A2N5DTP3","replication/recombination/repair","NA","Plasmid",100,461,0,0,1,461,1,461,0,901,"GCF_029967685.1_ASM2996768v1"
"253","NZ_JASCAQ010000057.1_56","mobileOG_000001500","ecoRIIM","P05101","stability/transfer/defense","NA","Multiple|Manual",93.7,477,30,0,1,477,1,477,0,915,"GCF_029967685.1_ASM2996768v1"
"254","NZ_JASCAQ010000033.1_58","mobileOG_000026154","uvrA","P0A699","replication/recombination/repair","NA","Plasmid",91.2,940,83,0,1,940,1,940,0,1732,"GCF_029967685.1_ASM2996768v1"
"255","NZ_JASCAQ010000033.1_165","mobileOG_000026160","groL","A0A0W8A593","phage","replication,chaperone","Plasmid",93.3,536,36,0,1,536,1,536,0,936,"GCF_029967685.1_ASM2996768v1"
"256","NZ_JARUWZ010000012.1_32","mobileOG_000026154","uvrA","P0A699","replication/recombination/repair","NA","Plasmid",91.7,940,78,0,1,940,1,940,0,1741,"GCF_030433775.1_ASM3043377v1"
"257","NZ_CP132354.1_31","mobileOG_000001100","tnpA","Q00037","integration/excision","NA","Multiple|Manual",90.8,921,83,1,1,919,82,1002,0,1674,"GCF_030758455.1_ASM3075845v1"
"258","NZ_CP132355.1_20","mobileOG_000024184","traG","A0A2Z4HVG2","transfer","conjugation","Plasmid",85.8,611,87,0,1,611,1,611,0,1058,"GCF_030758455.1_ASM3075845v1"
"259","NZ_CP132355.1_29","mobileOG_000024011","virB4","A0A1L4BM37","transfer","conjugation","Multiple|Manual",83.4,915,152,0,1,915,1,915,0,1573,"GCF_030758455.1_ASM3075845v1"
"260","NZ_DALZCD010000130.1_11","mobileOG_000001500","ecoRIIM","P05101","stability/transfer/defense","NA","Multiple|Manual",92.4,475,36,0,1,475,1,475,0,900,"GCF_031978025.1_ASM3197802v1"
"261","NZ_DALZCD010000244.1_1","mobileOG_000023833","mutS","WP_001272924.1","replication/recombination/repair","NA","Plasmid",85.9,562,79,0,4,565,5,566,0,946,"GCF_031978025.1_ASM3197802v1"
"262","NZ_DALZFK010000046.1_21","mobileOG_000019986","uvrC","W9BI01","replication/recombination/repair","NA","GPD|Manual",86.1,610,85,0,1,610,1,610,0,1054,"GCF_031980025.1_ASM3198002v1"
"263","NZ_CP142283.1_2","mobileOG_000003653","mobA","D2TE66","transfer","conjugation","COMPASS|Manual",91.3,504,44,0,1,504,1,504,0,883,"GCF_036866025.1_ASM3686602v1"
"264","NZ_CP142290.1_3","mobileOG_000003653","mobA","D2TE66","transfer","conjugation","COMPASS|Manual",91.3,504,44,0,1,504,1,504,0,883,"GCF_036866065.1_ASM3686606v1"
"265","NZ_CP142290.1_7","mobileOG_000003653","mobA","D2TE66","transfer","conjugation","COMPASS|Manual",91.3,504,44,0,1,504,1,504,0,883,"GCF_036866065.1_ASM3686606v1"
"266","NZ_JBANEJ010000024.1_25","mobileOG_000022855","mobB","A4GZH1","transfer","conjugation","ICE|Manual",81.9,624,108,2,1,624,11,629,0,982,"GCF_037045765.1_ASM3704576v1"
"267","NZ_JBANEJ010000024.1_35","mobileOG_000022309","virB4","E0SJI1","transfer","conjugation","ICE|Manual",84.2,915,145,0,1,915,12,926,0,1575,"GCF_037045765.1_ASM3704576v1"
"268","NZ_JBANEI010000010.1_101","mobileOG_000026154","uvrA","P0A699","replication/recombination/repair","NA","Plasmid",91.2,940,83,0,1,940,1,940,0,1732,"GCF_037045795.1_ASM3704579v1"
"269","NZ_JBANEI010000021.1_23","mobileOG_000022855","mobB","A4GZH1","transfer","conjugation","ICE|Manual",81.9,624,108,2,1,624,11,629,0,982,"GCF_037045795.1_ASM3704579v1"
"270","NZ_JBANEI010000021.1_33","mobileOG_000022309","virB4","E0SJI1","transfer","conjugation","ICE|Manual",84.2,915,145,0,1,915,12,926,0,1574,"GCF_037045795.1_ASM3704579v1"
"271","NZ_JBANEI010000022.1_9","mobileOG_000001098","tnpX","Q00042","integration/excision","NA","Multiple|Manual",95.8,698,29,0,1,698,1,698,0,1342,"GCF_037045795.1_ASM3704579v1"
"272","NZ_JBANEK010000016.1_10","mobileOG_000001098","tnpX","Q00042","integration/excision","NA","Multiple|Manual",95.8,698,29,0,1,698,1,698,0,1342,"GCF_037045825.1_ASM3704582v1"
"273","NZ_JBANEK010000009.1_71","mobileOG_000024695","uvrD","A0A2L0W1U5","replication/recombination/repair","NA","Multiple|Manual",82.8,594,102,0,1,594,1,594,0,997,"GCF_037045825.1_ASM3704582v1"
"274","NZ_JBANEK010000009.1_73","mobileOG_000024694","traN","A0A2L0W1T6","transfer","conjugation","Multiple|Manual",87.9,1062,124,1,1,1062,1,1058,0,1934,"GCF_037045825.1_ASM3704582v1"
"275","NZ_JBANEK010000009.1_184","mobileOG_000025987","traG","A0A482M8Q8","transfer","conjugation","Plasmid",99.7,694,2,0,1,694,1,694,0,1358,"GCF_037045825.1_ASM3704582v1"
"276","NZ_JBANEK010000009.1_185","mobileOG_000002293","traI_2","A0A2I5SYD1","transfer","conjugation","COMPASS|Manual",97.1,661,19,0,1,661,1,661,0,1265,"GCF_037045825.1_ASM3704582v1"
"277","NZ_JBBCZK010000009.1_50","mobileOG_000026154","uvrA","P0A699","replication/recombination/repair","NA","Plasmid",91.3,940,82,0,1,940,1,940,0,1734,"GCF_037144385.1_ASM3714438v1"
"278","NZ_JBBGZV010000015.1_57","mobileOG_000001100","tnpA","Q00037","integration/excision","NA","Multiple|Manual",83,814,138,0,2,815,188,1001,0,1359,"GCF_037479155.1_ASM3747915v1"
"279","NZ_JBBGZI010000010.1_58","mobileOG_000026154","uvrA","P0A699","replication/recombination/repair","NA","Plasmid",91,940,85,0,1,940,1,940,0,1724,"GCF_037479335.1_ASM3747933v1"
"280","NZ_JBBGYT010000349.1_105","mobileOG_000001100","tnpA","Q00037","integration/excision","NA","Multiple|Manual",82,1001,180,0,1,1001,1,1001,0,1652,"GCF_037479575.1_ASM3747957v1"
"281","NZ_JBDFQQ010000008.1_58","mobileOG_000026154","uvrA","P0A699","replication/recombination/repair","NA","Plasmid",91.1,940,84,0,1,940,1,940,0,1728,"GCF_039675685.1_ASM3967568v1"
"282","NZ_JBFKZN010000009.1_110","mobileOG_000026154","uvrA","P0A699","replication/recombination/repair","NA","Plasmid",91.9,940,76,0,1,940,1,940,0,1743,"GCF_040741485.1_ASM4074148v1"
"283","NZ_CP139345.1_33","mobileOG_000001100","tnpA","Q00037","integration/excision","NA","Multiple|Manual",85.1,659,98,0,3,661,340,998,0,1129,"GCF_041015235.1_Erwinia_pyrifoliae_YKB12327"
"284","NZ_CP139346.1_1","mobileOG_000003653","mobA","D2TE66","transfer","conjugation","COMPASS|Manual",100,504,0,0,1,504,1,504,0,964,"GCF_041015235.1_Erwinia_pyrifoliae_YKB12327"
"285","NZ_JBGFFX010000015.1_134","mobileOG_000001500","ecoRIIM","P05101","stability/transfer/defense","NA","Multiple|Manual",93.9,477,29,0,1,477,1,477,0,915,"GCF_041224955.1_ASM4122495v1"
"286","NZ_JBGFFX010000019.1_14","mobileOG_000023740","traU","A0A2L1F4P4","transfer","conjugation","Plasmid",85.4,1014,148,0,1,1014,1,1014,0,1769,"GCF_041224955.1_ASM4122495v1"
"287","NZ_JBGFFX010000019.1_21","mobileOG_000024256","trbC","A0A1I9WJ26","transfer","conjugation","Multiple|Manual",90.6,695,65,0,1,695,1,695,0,1269,"GCF_041224955.1_ASM4122495v1"
"288","NZ_JBGFFX010000019.1_96","mobileOG_000026261","mobA","A0A2L1F4H9","transfer","conjugation,relaxosome","Multiple|Manual",86,657,92,0,1,657,2,658,0,1119,"GCF_041224955.1_ASM4122495v1"
"289","NZ_CAJYHK010000009.1_50","mobileOG_000026154","uvrA","P0A699","replication/recombination/repair","NA","Plasmid",91.2,940,83,0,1,940,1,940,0,1732,"GCF_913774645.1_S1C8761_SP8"
"290","NZ_CAKKMT010000021.1_8","mobileOG_000024184","traG","A0A2Z4HVG2","transfer","conjugation","Plasmid",85.9,611,86,0,1,611,1,611,0,1062,"GCF_918698235.1_SRABI13"
"291","NZ_CAKKMT010000021.1_17","mobileOG_000024011","virB4","A0A1L4BM37","transfer","conjugation","Multiple|Manual",83.5,915,151,0,1,915,1,915,0,1574,"GCF_918698235.1_SRABI13"
